{"version":1,"allow_edit":true,"plugins":[],"panes":[{"title":"新北區三峽區北大特區溫度","width":1,"row":{"3":1},"col":{"3":2},"col_width":1,"widgets":[{"type":"gauge","settings":{"title":"TEMP 溫度","value":["datasources[\"LASS\"][\"Temp\"]"],"min_value":0,"max_value":"50"}},{"type":"ragIndicator","settings":{"value":"datasources[\"LASS\"][\"TempM\"]","green_text":"Cold: 天冷要多穿衣服","amber_text":"Comfortable: 氣溫舒服","red_text":"Hot : 天氣熱 要注意防曬","indicator_type":"FLASH"}},{"type":"text_widget","settings":{"size":"regular","value":"datasources[\"LASS\"][\"Temp\"]","animate":true,"units":"C"}},{"type":"sparkline","settings":{"value":["datasources[\"LASS\"][\"Temp\"]"],"include_legend":true,"legend":"°C"}}]},{"title":"新北區三峽區北大特區濕度","width":1,"row":{"3":1},"col":{"3":3},"col_width":1,"widgets":[{"type":"gauge","settings":{"title":"Humidity 濕度","value":"datasources[\"LASS\"][\"Humi\"]","min_value":0,"max_value":100}},{"type":"ragIndicator","settings":{"value":"datasources[\"LASS\"][\"HumidM\"]","green_text":"Dry: 乾燥","amber_text":"Comfortable : 舒服","red_text":"Humid: 濕度高","indicator_type":"FLASH"}},{"type":"text_widget","settings":{"size":"regular","value":"datasources[\"LASS\"][\"Humi\"]","animate":true,"units":"%"}},{"type":"sparkline","settings":{"value":["datasources[\"LASS\"][\"Humi\"]"],"include_legend":true,"legend":"%"}}]},{"title":"LASS Project in 三峽北大特區","width":1,"row":{"3":1},"col":{"3":1},"col_width":1,"widgets":[{"type":"text_widget","settings":{"size":"regular","value":"datasources[\"clock\"][\"time_string_value\"]","sparkline":false,"animate":true}},{"type":"text_widget","settings":{"size":"regular","value":"datasources[\"clock\"][\"date_string_value\"]","animate":true}}]},{"title":"新北區三峽區北大特區PM2.5","width":1,"row":{"3":7},"col":{"3":1},"col_width":1,"widgets":[{"type":"ragIndicator","settings":{"title":"PM2.5 空汙指數","value":"datasources[\"LASS\"][\"PM25M\"]","green_text":"OK: 空氣品質正常請安心出門","amber_text":"Bad: 空氣品質不好, 請注意","red_text":"Danger: 空氣品質很糟糕, 請小心","indicator_type":"FLASH"}},{"type":"text_widget","settings":{"title":"PM2.5 數值","size":"regular","value":"datasources[\"LASS\"][\"PM25\"]","animate":true}},{"type":"sparkline","settings":{"title":"","value":["datasources[\"LASS\"][\"PM25\"]"],"include_legend":true,"legend":"μg/m3"}},{"type":"text_widget","settings":{"title":"","size":"regular","value":"datasources[\"LASS\"][\"PM25Merror\"]","animate":true}}]}],"datasources":[{"name":"LASS","type":"LASS","settings":{"name":"LASS"}},{"name":"clock","type":"clock","settings":{"refresh":1}}],"columns":3}